time,ktas,beds_available,op_rooms_available,hospital_name,day_of_week,day,hour
17,4,11,2,의료원 2,0,1,0
76,5,11,2,의료원 2,0,1,1
213,4,11,2,의료원 2,0,1,3
364,4,11,2,의료원 2,0,1,6
422,5,11,2,의료원 2,0,1,7
536,4,11,2,의료원 2,0,1,8
565,3,11,2,의료원 2,0,1,9
570,5,10,2,의료원 2,0,1,9
582,5,10,2,의료원 2,0,1,9
638,4,10,2,의료원 2,0,1,10
786,4,10,2,의료원 2,0,1,13
819,4,10,2,의료원 2,0,1,13
825,4,10,2,의료원 2,0,1,13
858,3,10,2,의료원 2,0,1,14
863,3,9,2,의료원 2,0,1,14
930,5,8,2,의료원 2,0,1,15
949,5,8,2,의료원 2,0,1,15
966,4,8,2,의료원 2,0,1,16
1023,5,9,2,의료원 2,0,1,17
1024,3,9,2,의료원 2,0,1,17
1097,4,9,2,의료원 2,0,1,18
1106,3,9,2,의료원 2,0,1,18
1148,4,8,2,의료원 2,0,1,19
1181,4,8,2,의료원 2,0,1,19
1271,4,9,2,의료원 2,0,1,21
1272,3,9,2,의료원 2,0,1,21
1292,3,8,2,의료원 2,0,1,21
1322,5,7,2,의료원 2,0,1,22
1384,4,8,2,의료원 2,0,1,23
1395,3,8,2,의료원 2,0,1,23
1403,4,8,2,의료원 2,0,1,23
1416,5,8,2,의료원 2,0,1,23
1488,2,8,2,의료원 2,1,2,0
1669,4,10,2,의료원 2,1,2,3
1694,4,10,2,의료원 2,1,2,4
1821,3,10,2,의료원 2,1,2,6
1851,2,9,2,의료원 2,1,2,6
1908,4,9,1,의료원 2,1,2,7
1999,4,8,2,의료원 2,1,2,9
2021,4,8,2,의료원 2,1,2,9
2093,5,8,2,의료원 2,1,2,10
2183,4,8,2,의료원 2,1,2,12
2271,4,8,2,의료원 2,1,2,13
2337,4,9,2,의료원 2,1,2,14
2405,4,9,2,의료원 2,1,2,16
2472,5,9,2,의료원 2,1,2,17
2474,4,9,2,의료원 2,1,2,17
2560,4,10,2,의료원 2,1,2,18
2613,3,10,2,의료원 2,1,2,19
2662,4,9,2,의료원 2,1,2,20
2701,4,9,2,의료원 2,1,2,21
2710,4,9,2,의료원 2,1,2,21
2755,4,9,2,의료원 2,1,2,21
2768,4,9,2,의료원 2,1,2,22
2826,3,9,2,의료원 2,1,2,23
2868,4,9,2,의료원 2,1,2,23
2915,5,9,2,의료원 2,2,3,0
3146,3,10,2,의료원 2,2,3,4
3394,4,10,2,의료원 2,2,3,8
3548,3,10,2,의료원 2,2,3,11
3596,3,10,2,의료원 2,2,3,11
3676,5,9,2,의료원 2,2,3,13
3690,4,9,2,의료원 2,2,3,13
3807,5,9,2,의료원 2,2,3,15
3823,5,9,2,의료원 2,2,3,15
3880,4,9,2,의료원 2,2,3,16
3901,4,9,2,의료원 2,2,3,17
3946,3,10,2,의료원 2,2,3,17
3979,4,10,2,의료원 2,2,3,18
4022,5,10,2,의료원 2,2,3,19
4031,4,10,2,의료원 2,2,3,19
4037,4,10,2,의료원 2,2,3,19
4139,4,10,2,의료원 2,2,3,20
4302,5,11,2,의료원 2,2,3,23
4326,4,11,2,의료원 2,3,4,0
4349,5,11,2,의료원 2,3,4,0
4448,5,11,2,의료원 2,3,4,2
4469,4,11,2,의료원 2,3,4,2
4551,4,11,2,의료원 2,3,4,3
5019,4,11,2,의료원 2,3,4,11
5115,5,11,2,의료원 2,3,4,13
5127,4,11,2,의료원 2,3,4,13
5133,4,11,2,의료원 2,3,4,13
5141,3,11,2,의료원 2,3,4,13
5377,5,10,2,의료원 2,3,4,17
5413,4,10,2,의료원 2,3,4,18
5437,4,10,2,의료원 2,3,4,18
5510,4,11,2,의료원 2,3,4,19
5596,3,11,2,의료원 2,3,4,21
5781,5,10,2,의료원 2,4,5,0
5802,3,10,2,의료원 2,4,5,0
5910,5,9,2,의료원 2,4,5,2
6018,4,10,2,의료원 2,4,5,4
6966,4,11,2,의료원 2,4,5,20
7142,4,11,2,의료원 2,4,5,23
7407,5,11,2,의료원 2,5,6,3
7633,4,11,2,의료원 2,5,6,7
7711,4,11,2,의료원 2,5,6,8
7773,4,11,2,의료원 2,5,6,9
7774,5,11,2,의료원 2,5,6,9
7891,5,11,2,의료원 2,5,6,11
7913,4,11,2,의료원 2,5,6,11
7978,5,11,2,의료원 2,5,6,12
7978,3,11,2,의료원 2,5,6,12
8052,4,10,2,의료원 2,5,6,14
8057,5,10,2,의료원 2,5,6,14
8123,4,10,2,의료원 2,5,6,15
8230,4,11,2,의료원 2,5,6,17
8234,3,11,2,의료원 2,5,6,17
8251,3,10,2,의료원 2,5,6,17
8261,4,9,2,의료원 2,5,6,17
8388,3,9,2,의료원 2,5,6,19
8534,4,9,2,의료원 2,5,6,22
8675,4,10,2,의료원 2,6,7,0
8850,4,11,2,의료원 2,6,7,3
8947,5,11,2,의료원 2,6,7,5
9062,4,11,2,의료원 2,6,7,7
9203,5,11,2,의료원 2,6,7,9
9280,4,11,2,의료원 2,6,7,10
9286,5,11,2,의료원 2,6,7,10
9308,4,11,2,의료원 2,6,7,11
9340,3,11,2,의료원 2,6,7,11
9403,5,10,2,의료원 2,6,7,12
9468,4,10,2,의료원 2,6,7,13
9515,4,10,2,의료원 2,6,7,14
9568,4,10,2,의료원 2,6,7,15
9583,4,10,2,의료원 2,6,7,15
9585,3,10,2,의료원 2,6,7,15
9658,5,10,2,의료원 2,6,7,16
9700,3,10,2,의료원 2,6,7,17
9806,4,10,2,의료원 2,6,7,19
9848,4,10,2,의료원 2,6,7,20
9855,4,10,2,의료원 2,6,7,20
9900,4,10,2,의료원 2,6,7,21
9921,3,10,2,의료원 2,6,7,21
9955,4,9,2,의료원 2,6,7,21
10202,4,10,2,의료원 2,0,8,2
10255,4,10,2,의료원 2,0,8,2
10355,3,11,2,의료원 2,0,8,4
10586,4,10,2,의료원 2,0,8,8
10667,3,10,2,의료원 2,0,8,9
10787,3,9,2,의료원 2,0,8,11
10801,5,8,2,의료원 2,0,8,12
10824,5,9,2,의료원 2,0,8,12
10840,4,9,2,의료원 2,0,8,12
10881,4,9,2,의료원 2,0,8,13
10948,4,9,2,의료원 2,0,8,14
11039,3,10,2,의료원 2,0,8,15
11044,4,9,2,의료원 2,0,8,16
11066,3,9,2,의료원 2,0,8,16
11069,4,8,2,의료원 2,0,8,16
11099,5,8,2,의료원 2,0,8,16
11109,5,8,2,의료원 2,0,8,17
11153,4,9,2,의료원 2,0,8,17
11185,4,9,2,의료원 2,0,8,18
11346,5,10,2,의료원 2,0,8,21
11403,5,11,2,의료원 2,0,8,22
11446,5,11,2,의료원 2,0,8,22
11471,5,11,2,의료원 2,0,8,23
11517,4,11,2,의료원 2,0,8,23
11618,4,11,2,의료원 2,1,9,1
11710,4,11,2,의료원 2,1,9,3
11837,4,11,2,의료원 2,1,9,5
12121,4,11,2,의료원 2,1,9,10
12189,4,11,2,의료원 2,1,9,11
12230,4,11,2,의료원 2,1,9,11
12290,4,11,2,의료원 2,1,9,12
12383,4,11,2,의료원 2,1,9,14
12407,4,11,2,의료원 2,1,9,14
12437,5,11,2,의료원 2,1,9,15
12542,5,11,2,의료원 2,1,9,17
12569,5,11,2,의료원 2,1,9,17
12582,4,11,2,의료원 2,1,9,17
12642,5,11,2,의료원 2,1,9,18
12793,4,11,2,의료원 2,1,9,21
13041,4,11,2,의료원 2,2,10,1
13139,4,11,2,의료원 2,2,10,2
13342,3,11,2,의료원 2,2,10,6
13652,4,11,2,의료원 2,2,10,11
13662,3,11,2,의료원 2,2,10,11
13669,5,10,2,의료원 2,2,10,11
13696,5,10,2,의료원 2,2,10,12
13730,4,10,2,의료원 2,2,10,12
13858,4,11,2,의료원 2,2,10,14
13886,3,11,2,의료원 2,2,10,15
14042,3,10,2,의료원 2,2,10,18
14108,4,9,2,의료원 2,2,10,19
14257,4,10,2,의료원 2,2,10,21
14284,3,10,2,의료원 2,2,10,22
14294,4,9,2,의료원 2,2,10,22
14315,4,10,2,의료원 2,2,10,22
14343,4,10,2,의료원 2,2,10,23
14372,5,10,2,의료원 2,2,10,23
14378,5,10,2,의료원 2,2,10,23
14383,5,10,2,의료원 2,2,10,23
14409,4,10,2,의료원 2,3,11,0
14450,4,10,2,의료원 2,3,11,0
14475,4,10,2,의료원 2,3,11,1
14499,4,10,2,의료원 2,3,11,1
14583,5,10,2,의료원 2,3,11,3
14803,5,11,2,의료원 2,3,11,6
14856,4,11,2,의료원 2,3,11,7
14914,4,11,2,의료원 2,3,11,8
14916,4,11,2,의료원 2,3,11,8
14922,3,11,2,의료원 2,3,11,8
15091,3,10,2,의료원 2,3,11,11
15125,4,9,2,의료원 2,3,11,12
15264,4,10,2,의료원 2,3,11,14
15279,4,10,2,의료원 2,3,11,14
15280,4,10,2,의료원 2,3,11,14
15459,3,11,2,의료원 2,3,11,17
15477,3,10,2,의료원 2,3,11,17
15483,3,9,2,의료원 2,3,11,18
15500,5,8,2,의료원 2,3,11,18
15793,5,9,2,의료원 2,3,11,23
15797,5,9,2,의료원 2,3,11,23
15804,4,10,2,의료원 2,3,11,23
15995,3,11,2,의료원 2,4,12,2
16115,4,10,2,의료원 2,4,12,4
16673,3,11,2,의료원 2,4,12,13
16697,5,10,2,의료원 2,4,12,14
16784,4,10,2,의료원 2,4,12,15
16825,3,10,2,의료원 2,4,12,16
16839,5,9,2,의료원 2,4,12,16
16864,5,9,2,의료원 2,4,12,17
16886,3,10,2,의료원 2,4,12,17
16895,3,9,2,의료원 2,4,12,17
16903,4,8,2,의료원 2,4,12,17
16978,5,8,2,의료원 2,4,12,18
17034,4,8,2,의료원 2,4,12,19
17044,4,8,2,의료원 2,4,12,20
17150,4,9,2,의료원 2,4,12,21
17169,5,9,2,의료원 2,4,12,22
17202,5,9,2,의료원 2,4,12,22
17364,5,11,2,의료원 2,5,13,1
17437,5,11,2,의료원 2,5,13,2
17476,4,11,2,의료원 2,5,13,3
17489,4,11,2,의료원 2,5,13,3
17626,5,11,2,의료원 2,5,13,5
17671,3,11,2,의료원 2,5,13,6
17696,4,10,2,의료원 2,5,13,6
17827,5,10,2,의료원 2,5,13,9
17991,3,10,2,의료원 2,5,13,11
18101,3,10,2,의료원 2,5,13,13
18131,5,9,2,의료원 2,5,13,14
18268,3,10,2,의료원 2,5,13,16
18348,4,9,2,의료원 2,5,13,17
18437,4,9,2,의료원 2,5,13,19
18455,2,9,2,의료원 2,5,13,19
18522,4,10,1,의료원 2,5,13,20
18631,3,9,2,의료원 2,5,13,22
18732,5,9,2,의료원 2,6,14,0
18935,4,10,2,의료원 2,6,14,3
19085,3,11,2,의료원 2,6,14,6
19115,5,10,2,의료원 2,6,14,6
19198,3,10,2,의료원 2,6,14,7
19270,5,9,2,의료원 2,6,14,9
19276,4,9,2,의료원 2,6,14,9
19288,3,9,2,의료원 2,6,14,9
19289,4,8,2,의료원 2,6,14,9
19359,5,8,2,의료원 2,6,14,10
19362,4,8,2,의료원 2,6,14,10
19410,4,8,2,의료원 2,6,14,11
19427,5,8,2,의료원 2,6,14,11
19445,4,8,2,의료원 2,6,14,12
19513,3,8,2,의료원 2,6,14,13
19572,5,8,2,의료원 2,6,14,14
19577,5,8,2,의료원 2,6,14,14
19580,4,8,2,의료원 2,6,14,14
19597,4,8,2,의료원 2,6,14,14
19718,4,10,2,의료원 2,6,14,16
19799,3,10,2,의료원 2,6,14,17
19804,5,9,2,의료원 2,6,14,18
19829,5,9,2,의료원 2,6,14,18
19867,5,9,2,의료원 2,6,14,19
19894,4,9,2,의료원 2,6,14,19
20031,3,11,2,의료원 2,6,14,21
20101,4,10,2,의료원 2,6,14,23
20111,4,10,2,의료원 2,6,14,23
20204,4,10,2,의료원 2,0,15,0
20310,4,10,2,의료원 2,0,15,2
20405,3,10,2,의료원 2,0,15,4
20443,3,10,2,의료원 2,0,15,4
21111,4,11,2,의료원 2,0,15,15
21128,4,11,2,의료원 2,0,15,16
21140,5,11,2,의료원 2,0,15,16
21182,5,11,2,의료원 2,0,15,17
21194,5,11,2,의료원 2,0,15,17
21198,5,11,2,의료원 2,0,15,17
21249,3,11,2,의료원 2,0,15,18
21364,5,10,2,의료원 2,0,15,20
21407,4,10,2,의료원 2,0,15,20
21476,3,11,2,의료원 2,0,15,21
21477,3,10,2,의료원 2,0,15,21
21506,4,9,2,의료원 2,0,15,22
21513,4,9,2,의료원 2,0,15,22
21553,5,9,2,의료원 2,0,15,23
21560,3,9,2,의료원 2,0,15,23
21615,5,8,2,의료원 2,1,16,0
21753,5,9,2,의료원 2,1,16,2
21777,5,9,2,의료원 2,1,16,2
21894,3,11,2,의료원 2,1,16,4
21989,4,10,2,의료원 2,1,16,6
22139,5,10,2,의료원 2,1,16,8
22157,4,10,2,의료원 2,1,16,9
22185,3,10,2,의료원 2,1,16,9
22271,3,9,2,의료원 2,1,16,11
22353,4,8,2,의료원 2,1,16,12
22371,4,9,2,의료원 2,1,16,12
22373,4,9,2,의료원 2,1,16,12
22447,5,9,2,의료원 2,1,16,14
22498,4,10,2,의료원 2,1,16,14
22525,4,10,2,의료원 2,1,16,15
22595,3,10,2,의료원 2,1,16,16
22616,5,9,2,의료원 2,1,16,16
22630,3,9,2,의료원 2,1,16,17
22666,4,8,2,의료원 2,1,16,17
22744,4,9,2,의료원 2,1,16,19
22912,4,11,2,의료원 2,1,16,21
23002,5,11,2,의료원 2,1,16,23
23029,3,11,2,의료원 2,1,16,23
23045,4,10,2,의료원 2,2,17,0
23168,4,10,2,의료원 2,2,17,2
23232,4,10,2,의료원 2,2,17,3
23374,5,11,2,의료원 2,2,17,5
23771,5,11,2,의료원 2,2,17,12
23855,3,11,2,의료원 2,2,17,13
23912,3,10,2,의료원 2,2,17,14
23964,3,9,2,의료원 2,2,17,15
23968,4,8,2,의료원 2,2,17,15
24037,4,8,2,의료원 2,2,17,16
24057,5,8,2,의료원 2,2,17,16
24096,5,8,2,의료원 2,2,17,17
24138,4,8,2,의료원 2,2,17,18
24176,4,9,2,의료원 2,2,17,18
24331,4,10,2,의료원 2,2,17,21
24373,4,10,2,의료원 2,2,17,22
24452,4,11,2,의료원 2,2,17,23
24463,4,11,2,의료원 2,2,17,23
24538,5,11,2,의료원 2,3,18,0
24585,3,11,2,의료원 2,3,18,1
24599,5,10,2,의료원 2,3,18,1
25150,4,11,2,의료원 2,3,18,11
25157,4,11,2,의료원 2,3,18,11
25164,4,11,2,의료원 2,3,18,11
25180,5,11,2,의료원 2,3,18,11
25298,5,11,2,의료원 2,3,18,13
25349,4,11,2,의료원 2,3,18,14
25418,4,11,2,의료원 2,3,18,15
25487,3,11,2,의료원 2,3,18,16
25663,4,10,2,의료원 2,3,18,19
25673,4,10,2,의료원 2,3,18,19
25868,4,11,2,의료원 2,3,18,23
26006,4,11,2,의료원 2,4,19,1
26128,3,11,2,의료원 2,4,19,3
26718,4,11,2,의료원 2,4,19,13
26760,4,11,2,의료원 2,4,19,14
26981,4,11,2,의료원 2,4,19,17
27108,3,11,2,의료원 2,4,19,19
27219,4,10,2,의료원 2,4,19,21
27304,5,10,2,의료원 2,4,19,23
27356,5,11,2,의료원 2,4,19,23
27368,5,11,2,의료원 2,5,20,0
27511,4,11,2,의료원 2,5,20,2
27731,4,11,2,의료원 2,5,20,6
27768,3,11,2,의료원 2,5,20,6
27781,3,10,2,의료원 2,5,20,7
27913,4,9,2,의료원 2,5,20,9
27947,4,9,2,의료원 2,5,20,9
28049,3,9,2,의료원 2,5,20,11
28087,4,9,2,의료원 2,5,20,12
28150,4,9,2,의료원 2,5,20,13
28303,4,11,2,의료원 2,5,20,15
28336,3,11,2,의료원 2,5,20,16
28383,4,10,2,의료원 2,5,20,17
28390,4,10,2,의료원 2,5,20,17
28397,4,10,2,의료원 2,5,20,17
28526,5,10,2,의료원 2,5,20,19
28602,4,11,2,의료원 2,5,20,20
28696,5,11,2,의료원 2,5,20,22
28717,4,11,2,의료원 2,5,20,22
28914,3,11,2,의료원 2,6,21,1
28969,4,10,2,의료원 2,6,21,2
29034,4,10,2,의료원 2,6,21,3
29176,4,11,2,의료원 2,6,21,6
29200,4,11,2,의료원 2,6,21,6
29205,4,11,2,의료원 2,6,21,6
29286,5,11,2,의료원 2,6,21,8
29333,4,11,2,의료원 2,6,21,8
29362,4,11,2,의료원 2,6,21,9
29374,4,11,2,의료원 2,6,21,9
29385,4,11,2,의료원 2,6,21,9
29466,3,11,2,의료원 2,6,21,11
29472,4,10,2,의료원 2,6,21,11
29479,5,10,2,의료원 2,6,21,11
29499,5,10,2,의료원 2,6,21,11
29503,5,10,2,의료원 2,6,21,11
29539,5,10,2,의료원 2,6,21,12
29567,4,10,2,의료원 2,6,21,12
29606,4,10,2,의료원 2,6,21,13
29618,4,10,2,의료원 2,6,21,13
29757,4,11,2,의료원 2,6,21,15
29771,3,11,2,의료원 2,6,21,16
29782,5,10,2,의료원 2,6,21,16
30004,4,10,2,의료원 2,6,21,20
30033,4,10,2,의료원 2,6,21,20
30092,3,10,2,의료원 2,6,21,21
30124,5,9,2,의료원 2,6,21,22
30234,4,10,2,의료원 2,6,21,23
30280,4,10,2,의료원 2,0,22,0
30290,5,10,2,의료원 2,0,22,0
30480,4,11,2,의료원 2,0,22,4
30520,4,11,2,의료원 2,0,22,4
30587,3,11,2,의료원 2,0,22,5
30859,3,10,2,의료원 2,0,22,10
30930,4,9,2,의료원 2,0,22,11
30981,5,9,2,의료원 2,0,22,12
31002,5,9,2,의료원 2,0,22,12
31008,4,9,2,의료원 2,0,22,12
31072,2,10,2,의료원 2,0,22,13
31105,4,10,1,의료원 2,0,22,14
31113,3,10,1,의료원 2,0,22,14
31132,5,10,1,의료원 2,0,22,14
31137,4,10,1,의료원 2,0,22,14
31158,4,10,1,의료원 2,0,22,15
31386,4,10,2,의료원 2,0,22,19
31421,4,10,2,의료원 2,0,22,19
31445,3,10,2,의료원 2,0,22,20
31496,4,9,2,의료원 2,0,22,20
31519,5,9,2,의료원 2,0,22,21
31521,3,9,2,의료원 2,0,22,21
31528,4,8,2,의료원 2,0,22,21
31667,3,8,2,의료원 2,0,22,23
31676,5,7,2,의료원 2,0,22,23
31726,4,8,2,의료원 2,1,23,0
31901,4,9,2,의료원 2,1,23,3
32015,4,10,2,의료원 2,1,23,5
32129,5,10,2,의료원 2,1,23,7
32221,4,10,2,의료원 2,1,23,9
32470,2,10,2,의료원 2,1,23,13
32489,4,10,1,의료원 2,1,23,13
32561,5,9,2,의료원 2,1,23,14
32656,4,10,2,의료원 2,1,23,16
32673,4,10,2,의료원 2,1,23,16
32740,4,10,2,의료원 2,1,23,17
32860,4,10,2,의료원 2,1,23,19
32861,5,10,2,의료원 2,1,23,19
32998,3,10,2,의료원 2,1,23,21
33064,2,9,2,의료원 2,1,23,23
33090,3,9,1,의료원 2,1,23,23
33126,4,8,1,의료원 2,2,24,0
33263,4,9,2,의료원 2,2,24,2
33388,5,9,2,의료원 2,2,24,4
33607,4,10,2,의료원 2,2,24,8
33700,3,10,2,의료원 2,2,24,9
33744,5,9,2,의료원 2,2,24,10
33755,3,9,2,의료원 2,2,24,10
33758,3,8,2,의료원 2,2,24,10
33788,4,7,2,의료원 2,2,24,11
33804,5,7,2,의료원 2,2,24,11
34109,4,9,2,의료원 2,2,24,16
34219,3,11,2,의료원 2,2,24,18
34226,4,10,2,의료원 2,2,24,18
34677,4,11,2,의료원 2,3,25,1
34698,3,11,2,의료원 2,3,25,2
34758,4,10,2,의료원 2,3,25,3
35481,4,11,2,의료원 2,3,25,15
35526,5,11,2,의료원 2,3,25,16
35576,5,11,2,의료원 2,3,25,16
35615,4,11,2,의료원 2,3,25,17
35620,4,11,2,의료원 2,3,25,17
35663,5,11,2,의료원 2,3,25,18
35691,4,11,2,의료원 2,3,25,18
35734,3,11,2,의료원 2,3,25,19
35765,5,10,2,의료원 2,3,25,20
35795,5,10,2,의료원 2,3,25,20
35797,5,10,2,의료원 2,3,25,20
35846,5,10,2,의료원 2,3,25,21
35937,4,10,2,의료원 2,3,25,22
35984,3,10,2,의료원 2,3,25,23
36025,5,9,2,의료원 2,4,26,0
36141,3,9,2,의료원 2,4,26,2
36299,4,9,2,의료원 2,4,26,4
36651,4,11,2,의료원 2,4,26,10
36735,4,11,2,의료원 2,4,26,12
36737,5,11,2,의료원 2,4,26,12
36851,3,11,2,의료원 2,4,26,14
36938,4,10,2,의료원 2,4,26,15
37084,4,10,2,의료원 2,4,26,18
37186,5,11,2,의료원 2,4,26,19
37271,4,11,2,의료원 2,4,26,21
37386,5,11,2,의료원 2,4,26,23
37426,4,11,2,의료원 2,4,26,23
37429,4,11,2,의료원 2,4,26,23
37619,3,11,2,의료원 2,5,27,2
37639,4,10,2,의료원 2,5,27,3
37911,3,10,2,의료원 2,5,27,7
38169,5,10,2,의료원 2,5,27,12
38198,4,10,2,의료원 2,5,27,12
38260,5,11,2,의료원 2,5,27,13
38282,5,11,2,의료원 2,5,27,14
38312,4,11,2,의료원 2,5,27,14
38404,3,11,2,의료원 2,5,27,16
38420,4,10,2,의료원 2,5,27,16
38459,5,10,2,의료원 2,5,27,16
38485,4,10,2,의료원 2,5,27,17
38529,4,10,2,의료원 2,5,27,18
38530,2,10,2,의료원 2,5,27,18
38578,3,10,1,의료원 2,5,27,18
38615,5,8,2,의료원 2,5,27,19
38690,3,9,2,의료원 2,5,27,20
38692,4,8,2,의료원 2,5,27,20
38728,4,8,2,의료원 2,5,27,21
38837,5,8,2,의료원 2,5,27,23
38855,4,8,2,의료원 2,5,27,23
38866,3,8,2,의료원 2,5,27,23
38917,4,7,2,의료원 2,6,28,0
38932,3,7,2,의료원 2,6,28,0
39158,5,9,2,의료원 2,6,28,4
39249,5,9,2,의료원 2,6,28,6
39263,4,9,2,의료원 2,6,28,6
39341,5,10,2,의료원 2,6,28,7
39383,5,10,2,의료원 2,6,28,8
39427,4,11,2,의료원 2,6,28,9
39494,4,11,2,의료원 2,6,28,10
39504,4,11,2,의료원 2,6,28,10
39514,5,11,2,의료원 2,6,28,10
39549,3,11,2,의료원 2,6,28,11
39576,4,10,2,의료원 2,6,28,11
39783,4,10,2,의료원 2,6,28,15
39792,5,10,2,의료원 2,6,28,15
39837,5,10,2,의료원 2,6,28,15
39849,5,10,2,의료원 2,6,28,16
39882,3,10,2,의료원 2,6,28,16
39898,5,9,2,의료원 2,6,28,16
39905,5,9,2,의료원 2,6,28,17
40000,3,10,2,의료원 2,6,28,18
40054,3,9,2,의료원 2,6,28,19
40114,5,9,2,의료원 2,6,28,20
40131,4,9,2,의료원 2,6,28,20
40173,3,9,2,의료원 2,6,28,21
40185,4,8,2,의료원 2,6,28,21
40189,4,8,2,의료원 2,6,28,21
40190,3,8,2,의료원 2,6,28,21
40237,4,7,2,의료원 2,6,28,22
40297,5,8,2,의료원 2,6,28,23
40311,5,8,2,의료원 2,6,28,23
40365,3,8,2,의료원 2,0,29,0
40404,4,7,2,의료원 2,0,29,1
40542,5,9,2,의료원 2,0,29,3
40595,4,9,2,의료원 2,0,29,4
40863,3,11,2,의료원 2,0,29,9
40906,5,10,2,의료원 2,0,29,9
40978,3,10,2,의료원 2,0,29,10
41003,5,9,2,의료원 2,0,29,11
41007,4,9,2,의료원 2,0,29,11
41074,4,9,2,의료원 2,0,29,12
41141,5,9,2,의료원 2,0,29,13
41169,4,9,2,의료원 2,0,29,14
41193,5,9,2,의료원 2,0,29,14
41207,4,9,2,의료원 2,0,29,14
41212,5,9,2,의료원 2,0,29,14
41337,4,10,2,의료원 2,0,29,16
41473,4,11,2,의료원 2,0,29,19
41526,4,11,2,의료원 2,0,29,20
41556,3,11,2,의료원 2,0,29,20
41557,4,10,2,의료원 2,0,29,20
41570,5,10,2,의료원 2,0,29,20
41622,3,10,2,의료원 2,0,29,21
41642,3,9,2,의료원 2,0,29,22
41647,4,8,2,의료원 2,0,29,22
41682,3,8,2,의료원 2,0,29,22
41850,5,7,2,의료원 2,1,30,1
41867,4,7,2,의료원 2,1,30,1
42209,4,11,2,의료원 2,1,30,7
42345,4,11,2,의료원 2,1,30,9
42586,4,11,2,의료원 2,1,30,13
42670,5,11,2,의료원 2,1,30,15
42823,3,11,2,의료원 2,1,30,17
42860,4,10,2,의료원 2,1,30,18
42886,5,10,2,의료원 2,1,30,18
42993,4,10,2,의료원 2,1,30,20
43109,5,10,2,의료원 2,1,30,22
43159,4,10,2,의료원 2,1,30,23
43208,5,10,2,의료원 2,2,31,0
43237,4,10,2,의료원 2,2,31,0
43442,3,11,2,의료원 2,2,31,4
43478,4,10,2,의료원 2,2,31,4
43534,2,10,2,의료원 2,2,31,5
43699,2,9,2,의료원 2,2,31,8
43778,3,10,1,의료원 2,2,31,9
43783,4,9,1,의료원 2,2,31,9
43810,4,8,2,의료원 2,2,31,10
43971,4,8,2,의료원 2,2,31,12
44044,3,8,2,의료원 2,2,31,14
44056,5,7,2,의료원 2,2,31,14
44061,4,7,2,의료원 2,2,31,14
44126,5,8,2,의료원 2,2,31,15
44141,5,8,2,의료원 2,2,31,15
44259,5,9,2,의료원 2,2,31,17
44284,4,9,2,의료원 2,2,31,18
44361,2,9,2,의료원 2,2,31,19
44451,4,8,2,의료원 2,2,31,20
44488,3,8,2,의료원 2,2,31,21
44532,4,8,2,의료원 2,2,31,22
44538,4,8,2,의료원 2,2,31,22
44561,4,8,2,의료원 2,2,31,22
44611,4,8,2,의료원 2,2,31,23
44674,4,8,2,의료원 2,3,32,0
44688,4,8,2,의료원 2,3,32,0
44786,4,9,2,의료원 2,3,32,2
44872,5,9,2,의료원 2,3,32,3
45111,5,10,2,의료원 2,3,32,7
45263,3,11,2,의료원 2,3,32,10
45403,5,10,2,의료원 2,3,32,12
45418,4,10,2,의료원 2,3,32,12
45517,4,10,2,의료원 2,3,32,14
45733,5,11,2,의료원 2,3,32,18
45762,4,11,2,의료원 2,3,32,18
45943,3,11,2,의료원 2,3,32,21
46048,3,10,2,의료원 2,3,32,23
46448,2,11,2,의료원 2,4,33,6
46811,4,10,2,의료원 2,4,33,12
46936,4,10,2,의료원 2,4,33,14
47437,4,10,2,의료원 2,4,33,22
47545,4,10,2,의료원 2,5,34,0
47600,5,10,2,의료원 2,5,34,1
47806,4,11,2,의료원 2,5,34,4
48548,3,11,2,의료원 2,5,34,17
48586,4,10,2,의료원 2,5,34,17
48632,4,10,2,의료원 2,5,34,18
48664,5,10,2,의료원 2,5,34,19
48742,4,10,2,의료원 2,5,34,20
48799,4,11,2,의료원 2,5,34,21
48938,4,11,2,의료원 2,5,34,23
48982,4,11,2,의료원 2,6,35,0
48988,4,11,2,의료원 2,6,35,0
49012,3,11,2,의료원 2,6,35,0
49091,3,10,2,의료원 2,6,35,2
49106,4,9,2,의료원 2,6,35,2
49326,3,10,2,의료원 2,6,35,6
49350,3,9,2,의료원 2,6,35,6
49524,4,9,2,의료원 2,6,35,9
49563,3,9,2,의료원 2,6,35,10
49632,5,8,2,의료원 2,6,35,11
49635,4,8,2,의료원 2,6,35,11
49683,5,9,2,의료원 2,6,35,12
49701,4,9,2,의료원 2,6,35,12
49792,4,9,2,의료원 2,6,35,13
49979,3,11,2,의료원 2,6,35,16
49989,5,10,2,의료원 2,6,35,17
50016,4,10,2,의료원 2,6,35,17
50016,4,10,2,의료원 2,6,35,17
50050,5,10,2,의료원 2,6,35,18
50077,4,10,2,의료원 2,6,35,18
50156,5,10,2,의료원 2,6,35,19
50305,5,11,2,의료원 2,6,35,22
50316,5,11,2,의료원 2,6,35,22
50353,5,11,2,의료원 2,6,35,23
50388,4,11,2,의료원 2,6,35,23
50392,4,11,2,의료원 2,6,35,23
50393,5,11,2,의료원 2,6,35,23
50455,4,11,2,의료원 2,0,36,0
50542,4,11,2,의료원 2,0,36,2
50555,5,11,2,의료원 2,0,36,2
50614,5,11,2,의료원 2,0,36,3
50780,3,11,2,의료원 2,0,36,6
51151,4,10,2,의료원 2,0,36,12
51169,4,10,2,의료원 2,0,36,12
51196,4,10,2,의료원 2,0,36,13
51199,4,10,2,의료원 2,0,36,13
51230,3,11,2,의료원 2,0,36,13
51253,4,10,2,의료원 2,0,36,14
51320,4,10,2,의료원 2,0,36,15
51383,3,10,2,의료원 2,0,36,16
51385,4,9,2,의료원 2,0,36,16
51434,4,9,2,의료원 2,0,36,17
51494,4,9,2,의료원 2,0,36,18
51505,3,9,2,의료원 2,0,36,18
51536,2,8,2,의료원 2,0,36,18
51647,3,9,1,의료원 2,0,36,20
51662,4,8,1,의료원 2,0,36,21
51684,2,8,1,의료원 2,0,36,21
51778,4,7,2,의료원 2,0,36,22
51780,3,7,2,의료원 2,0,36,23
51794,3,6,2,의료원 2,0,36,23
51874,4,5,2,의료원 2,1,37,0
52125,4,9,2,의료원 2,1,37,4
52440,4,9,2,의료원 2,1,37,10
52522,4,10,2,의료원 2,1,37,11
52620,5,10,2,의료원 2,1,37,13
52666,5,10,2,의료원 2,1,37,13
52695,4,10,2,의료원 2,1,37,14
52735,3,10,2,의료원 2,1,37,14
52757,4,9,2,의료원 2,1,37,15
52761,3,9,2,의료원 2,1,37,15
52868,4,8,2,의료원 2,1,37,17
52908,3,8,2,의료원 2,1,37,17
52908,4,7,2,의료원 2,1,37,17
52959,3,7,2,의료원 2,1,37,18
53137,5,9,2,의료원 2,1,37,21
53185,4,9,2,의료원 2,1,37,22
53219,4,9,2,의료원 2,1,37,22
53228,3,9,2,의료원 2,1,37,23
53416,3,10,2,의료원 2,2,38,2
53544,3,9,2,의료원 2,2,38,4
53830,4,10,2,의료원 2,2,38,9
53983,5,11,2,의료원 2,2,38,11
54105,4,11,2,의료원 2,2,38,13
54342,5,11,2,의료원 2,2,38,17
54381,4,11,2,의료원 2,2,38,18
54464,3,11,2,의료원 2,2,38,19
54496,5,10,2,의료원 2,2,38,20
54543,4,10,2,의료원 2,2,38,21
54547,4,10,2,의료원 2,2,38,21
54627,4,10,2,의료원 2,2,38,22
54689,3,10,2,의료원 2,2,38,23
54700,3,9,2,의료원 2,2,38,23
54808,3,8,2,의료원 2,3,39,1
55017,4,10,2,의료원 2,3,39,4
55290,5,11,2,의료원 2,3,39,9
55338,2,11,2,의료원 2,3,39,10
55452,4,11,1,의료원 2,3,39,12
55517,4,10,2,의료원 2,3,39,13
55820,4,10,2,의료원 2,3,39,18
55906,4,10,2,의료원 2,3,39,19
55935,4,10,2,의료원 2,3,39,20
56067,3,10,2,의료원 2,3,39,22
56112,4,9,2,의료원 2,3,39,23
56145,4,9,2,의료원 2,3,39,23
56361,5,9,2,의료원 2,4,40,3
56611,5,11,2,의료원 2,4,40,7
56635,4,11,2,의료원 2,4,40,7
56757,5,11,2,의료원 2,4,40,9
56947,4,11,2,의료원 2,4,40,13
56948,4,11,2,의료원 2,4,40,13
57176,4,11,2,의료원 2,4,40,16
57309,4,11,2,의료원 2,4,40,19
57431,5,11,2,의료원 2,4,40,21
57446,5,11,2,의료원 2,4,40,21
57469,5,11,2,의료원 2,4,40,21
57693,4,11,2,의료원 2,5,41,1
57790,5,11,2,의료원 2,5,41,3
58285,4,11,2,의료원 2,5,41,11
58324,5,11,2,의료원 2,5,41,12
58361,4,11,2,의료원 2,5,41,12
58381,4,11,2,의료원 2,5,41,13
58382,5,11,2,의료원 2,5,41,13
58408,5,11,2,의료원 2,5,41,13
58466,4,11,2,의료원 2,5,41,14
58658,4,11,2,의료원 2,5,41,17
58719,4,11,2,의료원 2,5,41,18
58725,3,11,2,의료원 2,5,41,18
58891,5,10,2,의료원 2,5,41,21
58956,2,10,2,의료원 2,5,41,22
58960,5,10,1,의료원 2,5,41,22
59117,3,10,2,의료원 2,6,42,1
59258,5,9,2,의료원 2,6,42,3
59363,5,9,2,의료원 2,6,42,5
59556,3,10,2,의료원 2,6,42,8
59577,4,9,2,의료원 2,6,42,8
59818,4,9,2,의료원 2,6,42,12
59894,3,9,2,의료원 2,6,42,14
59898,3,8,2,의료원 2,6,42,14
59902,2,7,2,의료원 2,6,42,14
59903,3,7,1,의료원 2,6,42,14
59968,5,6,1,의료원 2,6,42,15
59982,4,6,1,의료원 2,6,42,15
59987,4,6,1,의료원 2,6,42,15
59996,3,6,1,의료원 2,6,42,15
60020,4,5,2,의료원 2,6,42,16
60137,4,6,2,의료원 2,6,42,18
60181,4,6,2,의료원 2,6,42,19
60252,5,8,2,의료원 2,6,42,20
60338,5,9,2,의료원 2,6,42,21
60348,4,10,2,의료원 2,6,42,21
60368,5,10,2,의료원 2,6,42,22
60403,5,10,2,의료원 2,6,42,22
60468,3,10,2,의료원 2,6,42,23
60563,4,9,2,의료원 2,0,43,1
60567,3,9,2,의료원 2,0,43,1
60657,5,8,2,의료원 2,0,43,2
60693,3,8,2,의료원 2,0,43,3
60696,3,7,2,의료원 2,0,43,3
60707,5,6,2,의료원 2,0,43,3
60718,4,6,2,의료원 2,0,43,3
60948,4,7,2,의료원 2,0,43,7
61049,4,8,2,의료원 2,0,43,9
61055,4,8,2,의료원 2,0,43,9
61139,5,9,2,의료원 2,0,43,10
61158,3,10,2,의료원 2,0,43,11
61212,3,9,2,의료원 2,0,43,12
61357,4,9,2,의료원 2,0,43,14
61360,5,9,2,의료원 2,0,43,14
61424,4,9,2,의료원 2,0,43,15
61436,5,9,2,의료원 2,0,43,15
61441,2,9,2,의료원 2,0,43,16
61469,3,9,1,의료원 2,0,43,16
61486,4,8,1,의료원 2,0,43,16
61561,4,9,2,의료원 2,0,43,18
61663,4,10,2,의료원 2,0,43,19
61670,5,10,2,의료원 2,0,43,19
61681,2,10,2,의료원 2,0,43,20
61728,3,10,1,의료원 2,0,43,20
61737,5,9,1,의료원 2,0,43,20
61740,3,9,1,의료원 2,0,43,21
61806,4,8,1,의료원 2,0,43,22
61816,3,8,1,의료원 2,0,43,22
61846,5,6,2,의료원 2,0,43,22
61854,4,6,2,의료원 2,0,43,22
61882,5,6,2,의료원 2,0,43,23
61989,5,7,2,의료원 2,1,44,1
62046,5,8,2,의료원 2,1,44,2
62050,4,8,2,의료원 2,1,44,2
62172,5,9,2,의료원 2,1,44,4
62546,4,11,2,의료원 2,1,44,10
62760,3,11,2,의료원 2,1,44,14
62908,5,10,2,의료원 2,1,44,16
62974,4,10,2,의료원 2,1,44,17
63009,4,10,2,의료원 2,1,44,18
63017,4,11,2,의료원 2,1,44,18
63035,5,11,2,의료원 2,1,44,18
63051,5,11,2,의료원 2,1,44,18
63058,5,11,2,의료원 2,1,44,18
63061,4,11,2,의료원 2,1,44,19
63174,5,11,2,의료원 2,1,44,20
63213,4,11,2,의료원 2,1,44,21
63232,4,11,2,의료원 2,1,44,21
63294,3,11,2,의료원 2,1,44,22
63356,5,10,2,의료원 2,1,44,23
63439,2,10,2,의료원 2,2,45,1
63531,5,10,1,의료원 2,2,45,2
63565,4,9,2,의료원 2,2,45,3
63971,4,10,2,의료원 2,2,45,10
64032,5,10,2,의료원 2,2,45,11
64290,4,10,2,의료원 2,2,45,15
64330,4,10,2,의료원 2,2,45,16
64332,4,10,2,의료원 2,2,45,16
64354,3,10,2,의료원 2,2,45,16
64658,4,9,2,의료원 2,2,45,21
64748,4,9,2,의료원 2,2,45,23
64769,4,10,2,의료원 2,2,45,23
64859,4,10,2,의료원 2,3,46,0
64920,4,11,2,의료원 2,3,46,2
64948,4,11,2,의료원 2,3,46,2
65135,4,11,2,의료원 2,3,46,5
65446,4,11,2,의료원 2,3,46,10
65636,5,11,2,의료원 2,3,46,13
65697,3,11,2,의료원 2,3,46,14
65935,4,11,2,의료원 2,3,46,18
66232,4,11,2,의료원 2,3,46,23
66243,4,11,2,의료원 2,4,47,0
66336,3,11,2,의료원 2,4,47,1
66397,5,10,2,의료원 2,4,47,2
66557,5,10,2,의료원 2,4,47,5
66939,4,11,2,의료원 2,4,47,11
66997,4,11,2,의료원 2,4,47,12
67109,4,11,2,의료원 2,4,47,14
67127,4,11,2,의료원 2,4,47,14
67131,5,11,2,의료원 2,4,47,14
67337,4,11,2,의료원 2,4,47,18
67352,5,11,2,의료원 2,4,47,18
67536,5,11,2,의료원 2,4,47,21
67675,4,11,2,의료원 2,4,47,23
67683,4,11,2,의료원 2,5,48,0
67858,3,11,2,의료원 2,5,48,2
67877,5,10,2,의료원 2,5,48,3
67968,3,10,2,의료원 2,5,48,4
68230,4,10,2,의료원 2,5,48,9
68269,4,11,2,의료원 2,5,48,9
68401,4,11,2,의료원 2,5,48,12
68504,5,11,2,의료원 2,5,48,13
68519,5,11,2,의료원 2,5,48,13
68572,5,11,2,의료원 2,5,48,14
68693,4,11,2,의료원 2,5,48,16
68720,5,11,2,의료원 2,5,48,17
68722,4,11,2,의료원 2,5,48,17
69273,4,11,2,의료원 2,6,49,2
69344,4,11,2,의료원 2,6,49,3
69651,4,11,2,의료원 2,6,49,8
69714,3,11,2,의료원 2,6,49,9
69755,4,10,2,의료원 2,6,49,10
69823,5,10,2,의료원 2,6,49,11
69868,4,10,2,의료원 2,6,49,12
69935,4,10,2,의료원 2,6,49,13
70040,4,10,2,의료원 2,6,49,15
70144,2,11,2,의료원 2,6,49,17
70151,5,11,1,의료원 2,6,49,17
70164,5,11,1,의료원 2,6,49,17
70172,4,11,1,의료원 2,6,49,17
70188,3,11,1,의료원 2,6,49,17
70217,4,10,1,의료원 2,6,49,18
70389,5,9,2,의료원 2,6,49,21
70400,4,9,2,의료원 2,6,49,21
70451,3,10,2,의료원 2,6,49,22
70486,4,9,2,의료원 2,6,49,22
70536,4,9,2,의료원 2,6,49,23
70606,4,9,2,의료원 2,0,50,0
70942,4,10,2,의료원 2,0,50,6
71205,3,10,2,의료원 2,0,50,10
71234,3,9,2,의료원 2,0,50,11
71253,5,8,2,의료원 2,0,50,11
71326,4,8,2,의료원 2,0,50,12
71414,4,9,2,의료원 2,0,50,14
71434,5,9,2,의료원 2,0,50,14
71468,5,9,2,의료원 2,0,50,15
71508,4,9,2,의료원 2,0,50,15
71546,5,9,2,의료원 2,0,50,16
71647,3,10,2,의료원 2,0,50,18
71648,3,9,2,의료원 2,0,50,18
71682,5,9,2,의료원 2,0,50,18
71775,4,9,2,의료원 2,0,50,20
71785,4,9,2,의료원 2,0,50,20
71789,4,9,2,의료원 2,0,50,20
71802,4,9,2,의료원 2,0,50,20
71875,4,9,2,의료원 2,0,50,21
71939,3,10,2,의료원 2,0,50,22
72032,5,9,2,의료원 2,1,51,0
72143,4,10,2,의료원 2,1,51,2
72260,4,11,2,의료원 2,1,51,4
72367,4,11,2,의료원 2,1,51,6
72495,4,11,2,의료원 2,1,51,8
72623,3,11,2,의료원 2,1,51,10
72626,5,10,2,의료원 2,1,51,10
72739,4,10,2,의료원 2,1,51,12
72748,5,10,2,의료원 2,1,51,12
72923,2,11,2,의료원 2,1,51,15
72952,4,11,1,의료원 2,1,51,15
72976,4,11,1,의료원 2,1,51,16
73200,5,10,2,의료원 2,1,51,20
73329,3,10,2,의료원 2,1,51,22
73343,5,9,2,의료원 2,1,51,22
73372,3,9,2,의료원 2,1,51,22
73484,4,8,2,의료원 2,2,52,0
73508,5,8,2,의료원 2,2,52,1
73563,4,8,2,의료원 2,2,52,2
73833,5,10,2,의료원 2,2,52,6
73874,3,10,2,의료원 2,2,52,7
73997,5,9,2,의료원 2,2,52,9
74014,3,9,2,의료원 2,2,52,9
74020,5,8,2,의료원 2,2,52,9
74045,5,8,2,의료원 2,2,52,10
74293,4,10,2,의료원 2,2,52,14
74306,4,10,2,의료원 2,2,52,14
74327,3,10,2,의료원 2,2,52,14
74330,3,9,2,의료원 2,2,52,14
74347,4,8,2,의료원 2,2,52,15
74514,5,9,2,의료원 2,2,52,17
74555,3,10,2,의료원 2,2,52,18
74819,3,10,2,의료원 2,2,52,22
74874,3,9,2,의료원 2,2,52,23
74881,4,8,2,의료원 2,3,53,0
75277,3,9,2,의료원 2,3,53,6
75306,4,9,2,의료원 2,3,53,7
75483,5,10,2,의료원 2,3,53,10
75595,3,11,2,의료원 2,3,53,11
75906,4,10,2,의료원 2,3,53,17
75957,5,11,2,의료원 2,3,53,17
76046,5,11,2,의료원 2,3,53,19
76090,4,11,2,의료원 2,3,53,20
76240,3,11,2,의료원 2,3,53,22
76292,5,10,2,의료원 2,3,53,23
76394,4,10,2,의료원 2,4,54,1
76522,5,11,2,의료원 2,4,54,3
77023,4,11,2,의료원 2,4,54,11
77036,5,11,2,의료원 2,4,54,11
77239,4,11,2,의료원 2,4,54,15
77261,4,11,2,의료원 2,4,54,15
77264,5,11,2,의료원 2,4,54,15
77356,5,11,2,의료원 2,4,54,17
77405,4,11,2,의료원 2,4,54,18
77493,3,11,2,의료원 2,4,54,19
77721,3,10,2,의료원 2,4,54,23
77740,4,9,2,의료원 2,4,54,23
78091,4,10,2,의료원 2,5,55,5
79262,4,11,2,의료원 2,6,56,1
79274,5,11,2,의료원 2,6,56,1
79361,5,11,2,의료원 2,6,56,2
79390,4,11,2,의료원 2,6,56,3
79404,4,11,2,의료원 2,6,56,3
79442,3,11,2,의료원 2,6,56,4
79897,3,11,2,의료원 2,6,56,11
80050,5,10,2,의료원 2,6,56,14
80064,5,10,2,의료원 2,6,56,14
80160,3,11,2,의료원 2,6,56,16
80215,5,10,2,의료원 2,6,56,16
80450,3,10,2,의료원 2,6,56,20
80453,3,9,2,의료원 2,6,56,20
80455,4,8,2,의료원 2,6,56,20
80458,5,8,2,의료원 2,6,56,20
80468,4,8,2,의료원 2,6,56,21
80490,5,8,2,의료원 2,6,56,21
80559,4,8,2,의료원 2,6,56,22
80567,4,8,2,의료원 2,6,56,22
80628,2,8,2,의료원 2,6,56,23
80646,5,9,1,의료원 2,0,57,0
80651,5,9,1,의료원 2,0,57,0
80681,5,9,1,의료원 2,0,57,0
80843,5,10,2,의료원 2,0,57,3
80852,4,10,2,의료원 2,0,57,3
80924,4,10,2,의료원 2,0,57,4
81455,3,11,2,의료원 2,0,57,13
81529,4,10,2,의료원 2,0,57,14
81668,4,10,2,의료원 2,0,57,17
81691,5,10,2,의료원 2,0,57,17
81747,4,10,2,의료원 2,0,57,18
81894,4,11,2,의료원 2,0,57,20
81991,3,11,2,의료원 2,0,57,22
82006,3,10,2,의료원 2,0,57,22
82032,4,9,2,의료원 2,0,57,23
82040,3,9,2,의료원 2,0,57,23
82150,4,8,2,의료원 2,1,58,1
82223,4,8,2,의료원 2,1,58,2
82329,5,9,2,의료원 2,1,58,4
82424,5,10,2,의료원 2,1,58,5
82442,4,10,2,의료원 2,1,58,6
82741,5,11,2,의료원 2,1,58,11
82811,4,11,2,의료원 2,1,58,12
82893,5,11,2,의료원 2,1,58,13
82934,4,11,2,의료원 2,1,58,14
82955,4,11,2,의료원 2,1,58,14
82988,5,11,2,의료원 2,1,58,15
83002,5,11,2,의료원 2,1,58,15
83083,4,11,2,의료원 2,1,58,16
83115,4,11,2,의료원 2,1,58,17
83299,4,11,2,의료원 2,1,58,20
83399,5,11,2,의료원 2,1,58,21
83401,3,11,2,의료원 2,1,58,22
83410,4,10,2,의료원 2,1,58,22
83483,5,10,2,의료원 2,1,58,23
83651,4,11,2,의료원 2,2,59,2
83724,4,11,2,의료원 2,2,59,3
83808,4,11,2,의료원 2,2,59,4
84068,5,11,2,의료원 2,2,59,9
84239,2,11,2,의료원 2,2,59,11
84334,5,11,1,의료원 2,2,59,13
84412,4,10,2,의료원 2,2,59,14
84453,4,10,2,의료원 2,2,59,15
84455,4,10,2,의료원 2,2,59,15
84515,4,10,2,의료원 2,2,59,16
84664,2,10,2,의료원 2,2,59,19
84725,3,10,1,의료원 2,2,59,20
84752,4,9,1,의료원 2,2,59,20
84864,5,9,2,의료원 2,2,59,22
85052,5,10,2,의료원 2,3,60,1
85217,3,10,2,의료원 2,3,60,4
85357,4,9,2,의료원 2,3,60,6
85419,4,9,2,의료원 2,3,60,7
85562,5,9,2,의료원 2,3,60,10
85754,3,10,2,의료원 2,3,60,13
85757,5,9,2,의료원 2,3,60,13
85781,4,9,2,의료원 2,3,60,13
85781,4,9,2,의료원 2,3,60,13
85883,3,9,2,의료원 2,3,60,15
85895,3,8,2,의료원 2,3,60,15
85951,5,7,2,의료원 2,3,60,16
86002,4,9,2,의료원 2,3,60,17
86257,4,10,2,의료원 2,3,60,21
86263,4,10,2,의료원 2,3,60,21
86416,4,11,2,의료원 2,4,61,0
86591,4,11,2,의료원 2,4,61,3
86652,3,11,2,의료원 2,4,61,4
86789,5,10,2,의료원 2,4,61,6
86807,4,10,2,의료원 2,4,61,6
86903,5,11,2,의료원 2,4,61,8
87053,5,11,2,의료원 2,4,61,10
87081,4,11,2,의료원 2,4,61,11
87095,4,11,2,의료원 2,4,61,11
87364,3,11,2,의료원 2,4,61,16
87415,5,10,2,의료원 2,4,61,16
87439,3,10,2,의료원 2,4,61,17
87609,3,9,2,의료원 2,4,61,20
87754,4,10,2,의료원 2,4,61,22
87781,5,10,2,의료원 2,4,61,23
87843,5,10,2,의료원 2,5,62,0
88085,5,11,2,의료원 2,5,62,4
88543,5,11,2,의료원 2,5,62,11
88570,4,11,2,의료원 2,5,62,12
88606,4,11,2,의료원 2,5,62,12
88685,4,11,2,의료원 2,5,62,14
88885,5,11,2,의료원 2,5,62,17
89044,3,11,2,의료원 2,5,62,20
89082,3,10,2,의료원 2,5,62,20
89194,4,9,2,의료원 2,5,62,22
89268,3,9,2,의료원 2,5,62,23
89440,4,10,2,의료원 2,6,63,2
89466,4,10,2,의료원 2,6,63,3
89541,4,11,2,의료원 2,6,63,4
89659,4,11,2,의료원 2,6,63,6
89747,5,11,2,의료원 2,6,63,7
89767,3,11,2,의료원 2,6,63,8
89781,2,10,2,의료원 2,6,63,8
89821,3,10,1,의료원 2,6,63,9
89841,4,9,1,의료원 2,6,63,9
89912,4,9,1,의료원 2,6,63,10
90057,4,8,2,의료원 2,6,63,12
90060,4,8,2,의료원 2,6,63,13
90062,4,8,2,의료원 2,6,63,13
90210,3,10,2,의료원 2,6,63,15
90216,5,9,2,의료원 2,6,63,15
90330,4,9,2,의료원 2,6,63,17
90487,5,9,2,의료원 2,6,63,20
90538,4,9,2,의료원 2,6,63,20
90564,4,10,2,의료원 2,6,63,21
90584,4,10,2,의료원 2,6,63,21
90601,4,10,2,의료원 2,6,63,22
90622,5,10,2,의료원 2,6,63,22
90625,3,10,2,의료원 2,6,63,22
90709,4,9,2,의료원 2,6,63,23
90727,4,9,2,의료원 2,0,64,0
90775,5,9,2,의료원 2,0,64,0
90923,4,10,2,의료원 2,0,64,3
91250,5,11,2,의료원 2,0,64,8
91368,5,11,2,의료원 2,0,64,10
91395,3,11,2,의료원 2,0,64,11
91419,4,10,2,의료원 2,0,64,11
91496,4,10,2,의료원 2,0,64,12
91584,4,10,2,의료원 2,0,64,14
91671,4,10,2,의료원 2,0,64,15
91677,5,10,2,의료원 2,0,64,15
91744,4,11,2,의료원 2,0,64,17
91767,5,11,2,의료원 2,0,64,17
91810,4,11,2,의료원 2,0,64,18
91821,4,11,2,의료원 2,0,64,18
91871,4,11,2,의료원 2,0,64,19
91945,4,11,2,의료원 2,0,64,20
91960,3,11,2,의료원 2,0,64,20
92182,4,10,2,의료원 2,1,65,0
92467,5,11,2,의료원 2,1,65,5
92886,4,11,2,의료원 2,1,65,12
92960,3,11,2,의료원 2,1,65,13
92992,5,10,2,의료원 2,1,65,13
93035,5,10,2,의료원 2,1,65,14
93054,4,10,2,의료원 2,1,65,14
93098,5,10,2,의료원 2,1,65,15
93116,3,10,2,의료원 2,1,65,15
93119,5,9,2,의료원 2,1,65,15
93148,5,9,2,의료원 2,1,65,16
93174,5,9,2,의료원 2,1,65,16
93202,3,10,2,의료원 2,1,65,17
93250,5,9,2,의료원 2,1,65,18
93257,3,9,2,의료원 2,1,65,18
93277,3,8,2,의료원 2,1,65,18
93359,4,7,2,의료원 2,1,65,19
93413,5,7,2,의료원 2,1,65,20
93500,4,7,2,의료원 2,1,65,22
93517,3,8,2,의료원 2,1,65,22
93524,5,7,2,의료원 2,1,65,22
93641,4,9,2,의료원 2,2,66,0
93982,4,11,2,의료원 2,2,66,6
94040,3,11,2,의료원 2,2,66,7
94112,4,10,2,의료원 2,2,66,8
94121,5,10,2,의료원 2,2,66,8
94121,4,10,2,의료원 2,2,66,8
94338,5,11,2,의료원 2,2,66,12
94363,4,11,2,의료원 2,2,66,12
94377,3,11,2,의료원 2,2,66,12
94393,4,10,2,의료원 2,2,66,13
94437,5,10,2,의료원 2,2,66,13
94457,5,10,2,의료원 2,2,66,14
94476,4,10,2,의료원 2,2,66,14
94481,3,10,2,의료원 2,2,66,14
94490,4,9,2,의료원 2,2,66,14
94519,4,9,2,의료원 2,2,66,15
94540,5,9,2,의료원 2,2,66,15
94616,4,9,2,의료원 2,2,66,16
94647,4,9,2,의료원 2,2,66,17
94763,3,10,2,의료원 2,2,66,19
94821,4,10,2,의료원 2,2,66,20
94831,4,10,2,의료원 2,2,66,20
94851,3,10,2,의료원 2,2,66,20
94914,4,9,2,의료원 2,2,66,21
94955,3,9,2,의료원 2,2,66,22
95089,4,8,2,의료원 2,3,67,0
95118,4,8,2,의료원 2,3,67,1
95197,4,8,2,의료원 2,3,67,2
95422,4,11,2,의료원 2,3,67,6
95586,5,11,2,의료원 2,3,67,9
95609,3,11,2,의료원 2,3,67,9
95639,5,10,2,의료원 2,3,67,9
95737,3,10,2,의료원 2,3,67,11
95741,4,9,2,의료원 2,3,67,11
95745,2,9,2,의료원 2,3,67,11
95808,3,10,1,의료원 2,3,67,12
95857,5,9,1,의료원 2,3,67,13
95992,3,8,2,의료원 2,3,67,15
96046,4,7,2,의료원 2,3,67,16
96089,4,8,2,의료원 2,3,67,17
96142,4,9,2,의료원 2,3,67,18
96331,4,9,2,의료원 2,3,67,21
96398,4,9,2,의료원 2,3,67,22
96424,4,9,2,의료원 2,3,67,23
96533,4,10,2,의료원 2,4,68,0
96552,5,10,2,의료원 2,4,68,1
96684,5,10,2,의료원 2,4,68,3
97092,4,11,2,의료원 2,4,68,10
97117,5,11,2,의료원 2,4,68,10
97219,2,11,2,의료원 2,4,68,12
97408,4,10,2,의료원 2,4,68,15
97410,4,10,2,의료원 2,4,68,15
97637,5,10,2,의료원 2,4,68,19
97905,4,10,2,의료원 2,4,68,23
97911,3,10,2,의료원 2,4,68,23
97928,5,9,2,의료원 2,5,69,0
97929,5,9,2,의료원 2,5,69,0
97989,4,9,2,의료원 2,5,69,1
98047,5,9,2,의료원 2,5,69,2
98325,3,11,2,의료원 2,5,69,6
98553,3,11,2,의료원 2,5,69,10
98621,3,10,2,의료원 2,5,69,11
98644,4,9,2,의료원 2,5,69,12
98648,5,9,2,의료원 2,5,69,12
98685,5,9,2,의료원 2,5,69,12
98687,4,9,2,의료원 2,5,69,12
98805,4,9,2,의료원 2,5,69,14
98816,5,9,2,의료원 2,5,69,14
98924,3,10,2,의료원 2,5,69,16
98927,5,9,2,의료원 2,5,69,16
98970,3,9,2,의료원 2,5,69,17
99087,3,9,2,의료원 2,5,69,19
99216,3,9,2,의료원 2,5,69,21
99304,3,9,2,의료원 2,5,69,23
99317,4,8,2,의료원 2,5,69,23
99387,4,9,2,의료원 2,6,70,0
99565,5,10,2,의료원 2,6,70,3
99998,5,11,2,의료원 2,6,70,10
100098,5,11,2,의료원 2,6,70,12
100102,4,11,2,의료원 2,6,70,12
100103,4,11,2,의료원 2,6,70,12
100131,4,11,2,의료원 2,6,70,12
100163,5,11,2,의료원 2,6,70,13
100187,4,11,2,의료원 2,6,70,13
100298,3,11,2,의료원 2,6,70,15
100330,4,10,2,의료원 2,6,70,16
100495,4,10,2,의료원 2,6,70,18
100496,4,10,2,의료원 2,6,70,18
100582,4,10,2,의료원 2,6,70,20
100586,5,10,2,의료원 2,6,70,20
100631,3,11,2,의료원 2,6,70,21
100655,4,10,2,의료원 2,6,70,21
100670,4,10,2,의료원 2,6,70,21
100701,2,10,2,의료원 2,6,70,22
100855,4,9,2,의료원 2,0,71,0
100876,4,9,2,의료원 2,0,71,1
101002,4,9,2,의료원 2,0,71,3
101377,4,10,2,의료원 2,0,71,9
101389,4,10,2,의료원 2,0,71,9
101413,4,11,2,의료원 2,0,71,10
101497,4,11,2,의료원 2,0,71,11
101522,3,11,2,의료원 2,0,71,12
101537,5,10,2,의료원 2,0,71,12
101620,5,10,2,의료원 2,0,71,13
101650,4,10,2,의료원 2,0,71,14
101728,4,10,2,의료원 2,0,71,15
101765,4,11,2,의료원 2,0,71,16
101766,4,11,2,의료원 2,0,71,16
101797,3,11,2,의료원 2,0,71,16
101808,5,10,2,의료원 2,0,71,16
101829,5,10,2,의료원 2,0,71,17
101833,4,10,2,의료원 2,0,71,17
101865,5,10,2,의료원 2,0,71,17
101904,4,10,2,의료원 2,0,71,18
101923,3,10,2,의료원 2,0,71,18
101931,4,9,2,의료원 2,0,71,18
102026,5,9,2,의료원 2,0,71,20
102128,3,9,2,의료원 2,0,71,22
102165,4,9,2,의료원 2,0,71,22
102171,5,9,2,의료원 2,0,71,22
102181,4,9,2,의료원 2,0,71,23
102218,5,9,2,의료원 2,0,71,23
102218,5,9,2,의료원 2,0,71,23
102221,5,9,2,의료원 2,0,71,23
102264,5,9,2,의료원 2,1,72,0
102324,4,10,2,의료원 2,1,72,1
102674,4,11,2,의료원 2,1,72,7
102869,5,11,2,의료원 2,1,72,10
102899,5,11,2,의료원 2,1,72,10
102995,5,11,2,의료원 2,1,72,12
103037,3,11,2,의료원 2,1,72,13
103092,4,10,2,의료원 2,1,72,14
103159,4,10,2,의료원 2,1,72,15
103162,4,10,2,의료원 2,1,72,15
103169,5,10,2,의료원 2,1,72,15
103355,5,10,2,의료원 2,1,72,18
103597,4,11,2,의료원 2,1,72,22
103650,3,11,2,의료원 2,1,72,23
103668,4,10,2,의료원 2,1,72,23
103733,3,10,2,의료원 2,2,73,0
103841,4,9,2,의료원 2,2,73,2
104001,5,9,2,의료원 2,2,73,5
104062,3,9,2,의료원 2,2,73,6
104175,4,10,2,의료원 2,2,73,8
104407,4,11,2,의료원 2,2,73,12
104435,4,11,2,의료원 2,2,73,12
104582,3,11,2,의료원 2,2,73,15
104811,4,10,2,의료원 2,2,73,18
104842,4,10,2,의료원 2,2,73,19
104857,3,10,2,의료원 2,2,73,19
104922,4,10,2,의료원 2,2,73,20
104943,4,10,2,의료원 2,2,73,21
104991,4,10,2,의료원 2,2,73,21
105071,4,10,2,의료원 2,2,73,23
105096,4,10,2,의료원 2,2,73,23
105143,3,10,2,의료원 2,3,74,0
105211,4,9,2,의료원 2,3,74,1
105285,4,10,2,의료원 2,3,74,2
105438,3,10,2,의료원 2,3,74,5
105602,5,10,2,의료원 2,3,74,8
105607,4,10,2,의료원 2,3,74,8
105781,5,11,2,의료원 2,3,74,11
105795,5,11,2,의료원 2,3,74,11
105808,5,11,2,의료원 2,3,74,11
106033,5,11,2,의료원 2,3,74,15
106086,4,11,2,의료원 2,3,74,16
106140,3,11,2,의료원 2,3,74,17
106214,4,10,2,의료원 2,3,74,18
106276,5,10,2,의료원 2,3,74,19
106354,4,10,2,의료원 2,3,74,20
106398,5,10,2,의료원 2,3,74,21
106410,4,10,2,의료원 2,3,74,21
106485,4,10,2,의료원 2,3,74,22
106617,3,11,2,의료원 2,4,75,0
106724,4,10,2,의료원 2,4,75,2
106934,4,11,2,의료원 2,4,75,6
106949,4,11,2,의료원 2,4,75,6
106968,5,11,2,의료원 2,4,75,6
107120,3,11,2,의료원 2,4,75,9
107173,4,10,2,의료원 2,4,75,10
107224,5,10,2,의료원 2,4,75,11
107236,4,10,2,의료원 2,4,75,11
107248,4,10,2,의료원 2,4,75,11
107280,5,10,2,의료원 2,4,75,12
107404,4,10,2,의료원 2,4,75,14
107414,3,10,2,의료원 2,4,75,14
107516,4,10,2,의료원 2,4,75,15
107618,5,10,2,의료원 2,4,75,17
107871,4,11,2,의료원 2,4,75,21
107888,3,11,2,의료원 2,4,75,22
107922,3,10,2,의료원 2,4,75,22
108036,3,9,2,의료원 2,5,76,0
108414,4,11,2,의료원 2,5,76,6
108469,5,11,2,의료원 2,5,76,7
108764,4,11,2,의료원 2,5,76,12
108950,4,11,2,의료원 2,5,76,15
109032,4,11,2,의료원 2,5,76,17
109061,5,11,2,의료원 2,5,76,17
109090,4,11,2,의료원 2,5,76,18
109142,5,11,2,의료원 2,5,76,19
109374,4,11,2,의료원 2,5,76,22
109536,4,11,2,의료원 2,6,77,1
109564,5,11,2,의료원 2,6,77,2
109656,4,11,2,의료원 2,6,77,3
109816,4,11,2,의료원 2,6,77,6
109955,4,11,2,의료원 2,6,77,8
109972,3,11,2,의료원 2,6,77,8
109995,3,10,2,의료원 2,6,77,9
110044,5,9,2,의료원 2,6,77,10
110058,4,9,2,의료원 2,6,77,10
110084,4,9,2,의료원 2,6,77,10
110175,3,9,2,의료원 2,6,77,12
110182,4,9,2,의료원 2,6,77,12
110197,3,9,2,의료원 2,6,77,12
110235,4,8,2,의료원 2,6,77,13
110339,3,9,2,의료원 2,6,77,14
110351,5,8,2,의료원 2,6,77,15
110364,4,8,2,의료원 2,6,77,15
110460,4,8,2,의료원 2,6,77,17
110483,4,8,2,의료원 2,6,77,17
110515,4,9,2,의료원 2,6,77,17
110669,4,11,2,의료원 2,6,77,20
110671,3,11,2,의료원 2,6,77,20
110784,4,10,2,의료원 2,6,77,22
110792,5,10,2,의료원 2,6,77,22
110838,5,10,2,의료원 2,6,77,23
110934,3,10,2,의료원 2,0,78,0
111001,3,9,2,의료원 2,0,78,2
111008,5,8,2,의료원 2,0,78,2
111079,4,8,2,의료원 2,0,78,3
111097,5,8,2,의료원 2,0,78,3
111340,5,11,2,의료원 2,0,78,7
111469,3,11,2,의료원 2,0,78,9
111493,4,10,2,의료원 2,0,78,10
111565,5,10,2,의료원 2,0,78,11
111676,5,10,2,의료원 2,0,78,13
111701,4,10,2,의료원 2,0,78,13
111737,4,10,2,의료원 2,0,78,14
111770,4,10,2,의료원 2,0,78,14
111834,5,11,2,의료원 2,0,78,15
111838,2,11,2,의료원 2,0,78,15
111909,3,11,1,의료원 2,0,78,17
111911,4,10,1,의료원 2,0,78,17
111913,4,10,1,의료원 2,0,78,17
111944,4,10,1,의료원 2,0,78,17
112027,3,9,2,의료원 2,0,78,19
112111,5,8,2,의료원 2,0,78,20
112116,3,8,2,의료원 2,0,78,20
112137,3,7,2,의료원 2,0,78,20
112262,5,6,2,의료원 2,0,78,23
112284,5,6,2,의료원 2,0,78,23
112299,4,7,2,의료원 2,0,78,23
112353,4,7,2,의료원 2,1,79,0
112355,5,7,2,의료원 2,1,79,0
112485,5,10,2,의료원 2,1,79,2
112579,4,10,2,의료원 2,1,79,4
112877,4,10,2,의료원 2,1,79,9
113000,5,10,2,의료원 2,1,79,11
113009,4,10,2,의료원 2,1,79,11
113079,5,10,2,의료원 2,1,79,12
113262,4,11,2,의료원 2,1,79,15
113327,5,11,2,의료원 2,1,79,16
113354,4,11,2,의료원 2,1,79,17
113428,5,11,2,의료원 2,1,79,18
113532,5,11,2,의료원 2,1,79,20
113615,4,11,2,의료원 2,1,79,21
113630,4,11,2,의료원 2,1,79,21
113637,4,11,2,의료원 2,1,79,21
113640,5,11,2,의료원 2,1,79,22
113642,4,11,2,의료원 2,1,79,22
113684,5,11,2,의료원 2,1,79,22
113721,4,11,2,의료원 2,1,79,23
113858,5,11,2,의료원 2,2,80,1
113876,3,11,2,의료원 2,2,80,1
114100,5,10,2,의료원 2,2,80,5
114564,5,11,2,의료원 2,2,80,13
114588,4,11,2,의료원 2,2,80,13
114592,5,11,2,의료원 2,2,80,13
114593,5,11,2,의료원 2,2,80,13
114594,4,11,2,의료원 2,2,80,13
114626,4,11,2,의료원 2,2,80,14
114627,4,11,2,의료원 2,2,80,14
114722,4,11,2,의료원 2,2,80,16
114749,3,11,2,의료원 2,2,80,16
114765,5,10,2,의료원 2,2,80,16
114776,4,10,2,의료원 2,2,80,16
114890,3,10,2,의료원 2,2,80,18
114900,4,9,2,의료원 2,2,80,19
114945,4,9,2,의료원 2,2,80,19
115022,5,10,2,의료원 2,2,80,21
115046,4,10,2,의료원 2,2,80,21
115069,4,10,2,의료원 2,2,80,21
115238,4,10,2,의료원 2,3,81,0
115269,3,10,2,의료원 2,3,81,1
115275,5,9,2,의료원 2,3,81,1
115378,4,10,2,의료원 2,3,81,2
115433,4,10,2,의료원 2,3,81,3
115806,4,11,2,의료원 2,3,81,10
115855,5,11,2,의료원 2,3,81,10
115930,3,11,2,의료원 2,3,81,12
115932,4,10,2,의료원 2,3,81,12
116128,2,10,2,의료원 2,3,81,15
116155,3,10,1,의료원 2,3,81,15
116169,3,9,1,의료원 2,3,81,16
116670,4,11,2,의료원 2,4,82,0
116724,4,11,2,의료원 2,4,82,1
116750,3,11,2,의료원 2,4,82,1
116843,3,10,2,의료원 2,4,82,3
116947,4,9,2,의료원 2,4,82,5
116978,4,9,2,의료원 2,4,82,5
117215,4,11,2,의료원 2,4,82,9
117299,3,11,2,의료원 2,4,82,10
117306,5,10,2,의료원 2,4,82,11
117307,5,10,2,의료원 2,4,82,11
117334,4,10,2,의료원 2,4,82,11
117361,3,10,2,의료원 2,4,82,12
117449,4,9,2,의료원 2,4,82,13
117580,4,10,2,의료원 2,4,82,15
117639,4,10,2,의료원 2,4,82,16
117688,3,10,2,의료원 2,4,82,17
117766,4,10,2,의료원 2,4,82,18
117784,4,10,2,의료원 2,4,82,19
117821,4,10,2,의료원 2,4,82,19
117867,4,10,2,의료원 2,4,82,20
117868,3,10,2,의료원 2,4,82,20
118095,4,10,2,의료원 2,5,83,0
118102,4,10,2,의료원 2,5,83,0
118135,4,10,2,의료원 2,5,83,0
118303,4,11,2,의료원 2,5,83,3
118909,3,11,2,의료원 2,5,83,13
118959,5,10,2,의료원 2,5,83,14
119084,4,10,2,의료원 2,5,83,16
119122,4,10,2,의료원 2,5,83,17
119138,5,11,2,의료원 2,5,83,17
119148,5,11,2,의료원 2,5,83,17
119179,3,11,2,의료원 2,5,83,18
119196,4,10,2,의료원 2,5,83,18
119217,4,10,2,의료원 2,5,83,18
119253,4,10,2,의료원 2,5,83,19
119343,4,10,2,의료원 2,5,83,21
119438,5,10,2,의료원 2,5,83,22
119485,4,10,2,의료원 2,5,83,23
119555,4,11,2,의료원 2,6,84,0
119563,5,11,2,의료원 2,6,84,0
119569,5,11,2,의료원 2,6,84,0
119770,5,11,2,의료원 2,6,84,4
119844,4,11,2,의료원 2,6,84,5
120008,4,11,2,의료원 2,6,84,8
120120,4,11,2,의료원 2,6,84,10
120153,5,11,2,의료원 2,6,84,10
120211,4,11,2,의료원 2,6,84,11
120260,5,11,2,의료원 2,6,84,12
120375,5,11,2,의료원 2,6,84,14
120381,4,11,2,의료원 2,6,84,14
120444,5,11,2,의료원 2,6,84,15
120455,5,11,2,의료원 2,6,84,15
120480,4,11,2,의료원 2,6,84,16
120508,4,11,2,의료원 2,6,84,16
120549,4,11,2,의료원 2,6,84,17
120563,5,11,2,의료원 2,6,84,17
120603,4,11,2,의료원 2,6,84,18
120643,5,11,2,의료원 2,6,84,18
120660,5,11,2,의료원 2,6,84,19
120674,3,11,2,의료원 2,6,84,19
120688,4,10,2,의료원 2,6,84,19
120754,3,10,2,의료원 2,6,84,20
120801,3,9,2,의료원 2,6,84,21
120833,4,8,2,의료원 2,6,84,21
120845,5,8,2,의료원 2,6,84,22
120906,4,8,2,의료원 2,6,84,23
120916,4,8,2,의료원 2,6,84,23
120959,4,8,2,의료원 2,6,84,23
120975,3,8,2,의료원 2,0,85,0
121013,4,7,2,의료원 2,0,85,0
121387,4,11,2,의료원 2,0,85,7
121464,4,11,2,의료원 2,0,85,8
121494,4,11,2,의료원 2,0,85,8
121513,5,11,2,의료원 2,0,85,9
121522,3,11,2,의료원 2,0,85,9
121585,5,10,2,의료원 2,0,85,10
121606,4,10,2,의료원 2,0,85,10
121714,5,10,2,의료원 2,0,85,12
121962,4,11,2,의료원 2,0,85,16
121968,4,11,2,의료원 2,0,85,16
122005,4,11,2,의료원 2,0,85,17
122021,4,11,2,의료원 2,0,85,17
122040,5,11,2,의료원 2,0,85,18
122092,3,11,2,의료원 2,0,85,18
122145,5,10,2,의료원 2,0,85,19
122281,3,10,2,의료원 2,0,85,22
122402,4,9,2,의료원 2,1,86,0
122564,5,10,2,의료원 2,1,86,2
122703,4,11,2,의료원 2,1,86,5
123258,5,11,2,의료원 2,1,86,14
123392,4,11,2,의료원 2,1,86,16
123425,5,11,2,의료원 2,1,86,17
123435,4,11,2,의료원 2,1,86,17
123472,4,11,2,의료원 2,1,86,17
123477,5,11,2,의료원 2,1,86,17
123620,5,11,2,의료원 2,1,86,20
123627,5,11,2,의료원 2,1,86,20
123643,3,11,2,의료원 2,1,86,20
123763,5,10,2,의료원 2,1,86,22
123852,4,10,2,의료원 2,2,87,0
123939,4,10,2,의료원 2,2,87,1
124059,5,11,2,의료원 2,2,87,3
124120,4,11,2,의료원 2,2,87,4
124885,5,11,2,의료원 2,2,87,17
125034,3,11,2,의료원 2,2,87,19
125071,3,10,2,의료원 2,2,87,20
125085,5,9,2,의료원 2,2,87,20
125121,4,9,2,의료원 2,2,87,21
125187,4,9,2,의료원 2,2,87,22
125189,5,9,2,의료원 2,2,87,22
125318,4,9,2,의료원 2,3,88,0
125430,4,10,2,의료원 2,3,88,2
125456,5,10,2,의료원 2,3,88,2
125689,4,11,2,의료원 2,3,88,6
125798,5,11,2,의료원 2,3,88,8
125876,4,11,2,의료원 2,3,88,9
125906,4,11,2,의료원 2,3,88,10
125925,4,11,2,의료원 2,3,88,10
125973,4,11,2,의료원 2,3,88,11
125977,4,11,2,의료원 2,3,88,11
125978,5,11,2,의료원 2,3,88,11
126114,3,11,2,의료원 2,3,88,13
126137,3,10,2,의료원 2,3,88,14
126153,5,9,2,의료원 2,3,88,14
126407,5,11,2,의료원 2,3,88,18
126476,4,11,2,의료원 2,3,88,19
126581,5,11,2,의료원 2,3,88,21
126663,3,11,2,의료원 2,3,88,23
126697,5,10,2,의료원 2,3,88,23
126755,5,10,2,의료원 2,4,89,0
126955,5,10,2,의료원 2,4,89,3
127315,3,11,2,의료원 2,4,89,9
127374,4,10,2,의료원 2,4,89,10
127396,3,10,2,의료원 2,4,89,11
127410,2,9,2,의료원 2,4,89,11
127439,4,9,1,의료원 2,4,89,11
127533,4,8,2,의료원 2,4,89,13
127547,4,8,2,의료원 2,4,89,13
127657,5,8,2,의료원 2,4,89,15
127693,5,9,2,의료원 2,4,89,16
127807,4,10,2,의료원 2,4,89,18
127926,4,10,2,의료원 2,4,89,20
127989,5,10,2,의료원 2,4,89,21
127998,4,10,2,의료원 2,4,89,21
128071,5,10,2,의료원 2,4,89,22
128190,4,10,2,의료원 2,5,90,0
128343,3,10,2,의료원 2,5,90,3
128545,5,11,2,의료원 2,5,90,6
128581,5,11,2,의료원 2,5,90,7
128763,4,11,2,의료원 2,5,90,10
128985,5,11,2,의료원 2,5,90,13
129017,4,11,2,의료원 2,5,90,14
129094,4,11,2,의료원 2,5,90,15
129146,4,11,2,의료원 2,5,90,16
129207,5,11,2,의료원 2,5,90,17
129417,4,11,2,의료원 2,5,90,20
129484,4,11,2,의료원 2,5,90,22
129495,4,11,2,의료원 2,5,90,22
129550,4,11,2,의료원 2,5,90,23
129645,4,11,2,의료원 2,6,91,0
129687,2,11,2,의료원 2,6,91,1
129921,4,10,2,의료원 2,6,91,5
130205,4,10,2,의료원 2,6,91,10
130228,4,10,2,의료원 2,6,91,10
130238,5,10,2,의료원 2,6,91,10
130272,3,10,2,의료원 2,6,91,11
130276,5,9,2,의료원 2,6,91,11
130281,4,9,2,의료원 2,6,91,11
130303,4,9,2,의료원 2,6,91,11
130379,4,9,2,의료원 2,6,91,12
130482,4,10,2,의료원 2,6,91,14
130546,4,11,2,의료원 2,6,91,15
130581,5,11,2,의료원 2,6,91,16
130602,4,11,2,의료원 2,6,91,16
130659,3,11,2,의료원 2,6,91,17
130686,4,10,2,의료원 2,6,91,18
130837,3,10,2,의료원 2,6,91,20
130852,4,9,2,의료원 2,6,91,20
130872,5,9,2,의료원 2,6,91,21
130919,4,9,2,의료원 2,6,91,21
131064,3,10,2,의료원 2,0,92,0
131068,3,9,2,의료원 2,0,92,0
131156,5,8,2,의료원 2,0,92,1
131216,4,8,2,의료원 2,0,92,2
131249,4,9,2,의료원 2,0,92,3
131402,4,11,2,의료원 2,0,92,6
131413,4,11,2,의료원 2,0,92,6
131436,3,11,2,의료원 2,0,92,6
131457,3,10,2,의료원 2,0,92,6
131460,3,9,2,의료원 2,0,92,7
131550,3,8,2,의료원 2,0,92,8
131630,4,7,2,의료원 2,0,92,9
131631,4,7,2,의료원 2,0,92,9
131654,5,9,2,의료원 2,0,92,10
131696,3,9,2,의료원 2,0,92,10
131697,3,8,2,의료원 2,0,92,10
131770,4,8,2,의료원 2,0,92,12
131857,4,8,2,의료원 2,0,92,13
131883,4,8,2,의료원 2,0,92,14
131932,4,9,2,의료원 2,0,92,14
132139,2,11,2,의료원 2,0,92,18
132197,3,11,1,의료원 2,0,92,19
132276,3,9,2,의료원 2,0,92,20
132369,5,8,2,의료원 2,0,92,22
132458,4,8,2,의료원 2,0,92,23
132461,3,8,2,의료원 2,0,92,23
132617,4,8,2,의료원 2,1,93,2
132881,3,10,2,의료원 2,1,93,6
132882,4,9,2,의료원 2,1,93,6
132933,4,9,2,의료원 2,1,93,7
133236,5,11,2,의료원 2,1,93,12
133254,4,11,2,의료원 2,1,93,12
133278,5,11,2,의료원 2,1,93,13
133315,4,11,2,의료원 2,1,93,13
133361,3,11,2,의료원 2,1,93,14
133400,3,10,2,의료원 2,1,93,15
133411,4,9,2,의료원 2,1,93,15
133415,4,9,2,의료원 2,1,93,15
133419,4,9,2,의료원 2,1,93,15
133478,4,9,2,의료원 2,1,93,16
133605,4,9,2,의료원 2,1,93,18
133668,4,10,2,의료원 2,1,93,19
133763,4,10,2,의료원 2,1,93,21
133803,5,10,2,의료원 2,1,93,22
133848,4,11,2,의료원 2,1,93,22
133881,4,11,2,의료원 2,1,93,23
133962,4,11,2,의료원 2,2,94,0
134119,4,11,2,의료원 2,2,94,3
134398,4,11,2,의료원 2,2,94,7
134429,3,11,2,의료원 2,2,94,8
134551,4,10,2,의료원 2,2,94,10
134564,3,10,2,의료원 2,2,94,10
134674,4,9,2,의료원 2,2,94,12
134820,4,10,2,의료원 2,2,94,15
134922,3,11,2,의료원 2,2,94,16
134969,4,10,2,의료원 2,2,94,17
134997,4,10,2,의료원 2,2,94,17
135106,5,10,2,의료원 2,2,94,19
135216,4,10,2,의료원 2,2,94,21
135246,3,10,2,의료원 2,2,94,22
135267,5,9,2,의료원 2,2,94,22
135290,5,9,2,의료원 2,2,94,22
135299,4,9,2,의료원 2,2,94,22
135319,5,9,2,의료원 2,2,94,23
135322,3,9,2,의료원 2,2,94,23
135384,4,8,2,의료원 2,3,95,0
135596,5,10,2,의료원 2,3,95,3
135836,4,11,2,의료원 2,3,95,7
135879,4,11,2,의료원 2,3,95,8
135975,4,11,2,의료원 2,3,95,10
136112,4,11,2,의료원 2,3,95,12
136170,3,11,2,의료원 2,3,95,13
136192,5,10,2,의료원 2,3,95,13
136500,5,11,2,의료원 2,3,95,19
136603,5,11,2,의료원 2,3,95,20
136838,4,11,2,의료원 2,4,96,0
136961,4,11,2,의료원 2,4,96,2
137025,5,11,2,의료원 2,4,96,3
137113,5,11,2,의료원 2,4,96,5
137411,3,11,2,의료원 2,4,96,10
137437,4,10,2,의료원 2,4,96,10
137493,5,10,2,의료원 2,4,96,11
137542,3,10,2,의료원 2,4,96,12
137868,4,10,2,의료원 2,4,96,17
138006,4,10,2,의료원 2,4,96,20
138033,5,11,2,의료원 2,4,96,20
138052,5,11,2,의료원 2,4,96,20
138055,4,11,2,의료원 2,4,96,20
138097,3,11,2,의료원 2,4,96,21
138120,4,10,2,의료원 2,4,96,22
138122,3,10,2,의료원 2,4,96,22
138211,4,9,2,의료원 2,4,96,23
138283,4,9,2,의료원 2,5,97,0
138480,5,11,2,의료원 2,5,97,4
138731,5,11,2,의료원 2,5,97,8
138807,4,11,2,의료원 2,5,97,9
138840,5,11,2,의료원 2,5,97,10
138923,4,11,2,의료원 2,5,97,11
138979,5,11,2,의료원 2,5,97,12
138984,4,11,2,의료원 2,5,97,12
139035,4,11,2,의료원 2,5,97,13
139077,3,11,2,의료원 2,5,97,13
139282,4,10,2,의료원 2,5,97,17
139341,4,10,2,의료원 2,5,97,18
139410,4,10,2,의료원 2,5,97,19
139444,4,11,2,의료원 2,5,97,20
139575,4,11,2,의료원 2,5,97,22
139807,5,11,2,의료원 2,6,98,2
139808,4,11,2,의료원 2,6,98,2
139907,3,11,2,의료원 2,6,98,3
140044,4,10,2,의료원 2,6,98,6
140044,4,10,2,의료원 2,6,98,6
140089,5,10,2,의료원 2,6,98,6
140107,3,10,2,의료원 2,6,98,7
140323,3,9,2,의료원 2,6,98,10
140331,5,8,2,의료원 2,6,98,10
140338,4,8,2,의료원 2,6,98,10
140354,4,9,2,의료원 2,6,98,11
140567,4,10,2,의료원 2,6,98,14
140766,3,10,2,의료원 2,6,98,18
140773,4,9,2,의료원 2,6,98,18
140835,4,10,2,의료원 2,6,98,19
140905,4,10,2,의료원 2,6,98,20
141097,4,11,2,의료원 2,6,98,23
141192,5,11,2,의료원 2,0,99,1
141202,5,11,2,의료원 2,0,99,1
141268,4,11,2,의료원 2,0,99,2
141503,4,11,2,의료원 2,0,99,6
141508,5,11,2,의료원 2,0,99,6
141589,4,11,2,의료원 2,0,99,7
141590,4,11,2,의료원 2,0,99,7
141640,4,11,2,의료원 2,0,99,8
141752,4,11,2,의료원 2,0,99,10
141754,5,11,2,의료원 2,0,99,10
141775,2,11,2,의료원 2,0,99,10
141865,4,11,1,의료원 2,0,99,12
141865,4,11,1,의료원 2,0,99,12
141916,4,11,1,의료원 2,0,99,13
141940,3,10,2,의료원 2,0,99,13
141961,5,9,2,의료원 2,0,99,14
142011,3,9,2,의료원 2,0,99,14
142053,4,8,2,의료원 2,0,99,15
142055,3,8,2,의료원 2,0,99,15
142165,4,7,2,의료원 2,0,99,17
142171,4,7,2,의료원 2,0,99,17
142320,3,8,2,의료원 2,0,99,20
142335,4,8,2,의료원 2,0,99,20
142349,4,8,2,의료원 2,0,99,20
142574,5,11,2,의료원 2,1,100,0
142666,4,11,2,의료원 2,1,100,1
142797,4,11,2,의료원 2,1,100,3
142938,5,11,2,의료원 2,1,100,6
143011,5,11,2,의료원 2,1,100,7
143190,3,11,2,의료원 2,1,100,10
143206,5,10,2,의료원 2,1,100,10
143388,5,10,2,의료원 2,1,100,13
143434,5,10,2,의료원 2,1,100,14
143437,4,10,2,의료원 2,1,100,14
143460,3,10,2,의료원 2,1,100,15
143554,4,9,2,의료원 2,1,100,16
143649,4,11,2,의료원 2,1,100,18
143685,4,11,2,의료원 2,1,100,18
143991,5,11,2,의료원 2,1,100,23
